INV_ID,Line,Chr,break1,break2,Genes
1,444,Chr_01,2448600,2501325,11
2,909,Chr_01,5083159,5130401,7
3,1034,Chr_01,5986353,6150865,16
4,155;444;502;909,Chr_01,6145981,6240186,7
5,62,Chr_01,7615149,7742782,9
6a,664,Chr_01,8447835,8755278,13
6b,444,Chr_01,8123824,8889222,30
7,62;155;444;664;1034;1192,Chr_02,2827560,2927446,14
8,62;541,Chr_02,4851562,4920130,6
9,155;502;541;664;909;1034,Chr_02,5837858,6010000,7
10a,1034,Chr_02,6323184,6732919,11
10b,62;155;444;541;664,Chr_02,6323184,6540198,5
11,1034,Chr_02,11722608,11821496,6
12,541,Chr_03,2541565,2670772,9
13,444,Chr_03,8260028,8360597,3
14,62,Chr_03,16136714,16310238,7
15,155,Chr_03,21143930,21264634,15
16,155;444,Chr_03,21779857,21817603,9
17,1034;1192,Chr_04,6064639,6091816,3
18,62,Chr_04,14758601,15031114,7
19,909;1192,Chr_04,15599797,15647668,2
20,664,Chr_04,20671253,20749562,9
21,502;664;909,Chr_05,3929257,3993575,6
22,444;502;664,Chr_05,13116560,13169294,2
23,62;1192,Chr_05,19581825,19654954,16
24,664,Chr_06,1282750,5378210,791
25,155;444;909;1034;1192,Chr_06,15358543,15510284,7
26,444,Chr_06,16920019,17032872,10
27,502;541;1192,Chr_07,5027159,5238741,13
28,541;909;1192,Chr_08,3775083,3800529,3
29,62;155;444;502;541;664;909;1034;1192,Chr_08,8305865,9963400,22
30,664,Chr_08,18341366,18488478,29
31,502;909,Chr_08,20393519,20425907,8
32,62;155;444;502;541;664;909;1034;1192,Chr_08,21155537,21273394,16
33,155;541,Chr_08,22296210,23152908,50
34,444,Chr_08,23190962,23231645,2
35,62;155;444;502;541;664;909;1034,Chr_08,25765351,25819765,6
36,62,Chr_09,5485533,7394932,24
37,62;909,Chr_09,21225228,21302996,9
38,1034,Chr_09,22208272,22253293,8
39,62;664;1034,Chr_10,697729,709343,3
40,62;155;444;502;541;664;909;1034;1192,Chr_10,1924867,2179006,47
41,1192,Chr_10,3356364,3673078,57
42,1034,Chr_10,4682364,4807518,15
43,444;502;541;664;1034;1192,Chr_10,7404720,7656215,7
44,909,Chr_10,8449176,8610829,10
45,444;502;664;909,Chr_10,15412431,15598953,5
46,909,Chr_10,18438170,18484821,3
47,502;541;909,Chr_11,5299601,5654386,14
48,62;502;541;664;909,Chr_11,16800506,17561487,91
49,62;155;444;502;541;909;1034,Chr_12,12933514,12978323,3
50,664,Chr_12,12990664,15135401,93
51,155;541;664,Chr_12,15324565,15490847,9
52,502,Chr_12,19594183,19605959,4
53,62;155;444;541;909;1034;1192,Chr_13,1174207,1260517,7
54,502;664;909;1192,Chr_13,18933433,19199719,3
55,502;541;1034,Chr_13,20267636,20897337,18
56,444;664,Chr_13,30242943,30247935,3
57,62,Chr_14,6053208,6886264,72
58,155;444;541;1034,Chr_14,7142872,7200859,7
59,62,Chr_14,9060032,9075205,2
60,1034,Chr_14,18646538,18869583,10
61,502;1192,Chr_14,19214493,19249481,2
62,62;155;502;664;909;1034;1192,Chr_14,22160698,22193429,9
